isoform_id,gene_name,best_day,p_value,fdr,Day12,Day3,Day6,max_expr,min_expr,fold_change,gene_name_lower,gene,exon_fdr,composite_score,min_fdr
ENSMUST00000092971,Chd3,Day12,1.41053779332267e-5,0.00117254748876183,204.666666666667,37.3333333333333,69.3333333333333,204.666666666667,37.3333333333333,5.48214271029975,chd3,CHD3,1.0064694370601391e-11,13.928068967684492,1.0064694370601391e-11
ENSMUST00000138765,Atrx,Day12,0.0201719183806637,0.0270880046826055,3,0.666666666666667,1.33333333333333,3,0.666666666666667,4.49999325001013,atrx,ATRX,8.643359983600479e-7,7.630540383038473,8.643359983600479e-7
